{"cameraMode":{"drawMode":0,"name":"Shaded","section":"Shading Mode"},"sceneLighting":true,"audioPlay":false,"sceneViewState":{"m_AlwaysRefresh":false,"showFog":true,"showSkybox":true,"showFlares":true,"showImageEffects":true,"showParticleSystems":true,"showVisualEffectGraphs":true,"m_FxEnabled":true},"in2DMode":false,"pivot":{"x":-0.014999985694885254,"y":-0.0024133920669555666,"z":-1.5520000457763672},"rotation":{"x":-0.26695019006729128,"y":0.19829152524471284,"z":-0.056227874010801318,"w":-0.9414142966270447},"size":8.838257789611817,"orthographic":false}